Tipo;SKU;Nombre;Publicado;¿Está destacado?;Visibilidad en el catálogo;Descripción corta;Descripción;Día en que empieza el precio rebajado;Día en que termina el precio rebajado;Estado del impuesto;Clase de impuesto;¿En inventario?;Inventario;Cantidad de bajo inventario;¿Permitir reservas de productos agotados?;¿Vendido individualmente?;Peso (kg);Longitud (cm);Anchura (cm);Altura (cm);¿Permitir valoraciones de clientes?;Nota de compra;Precio rebajado;Precio normal;Categorías;Etiquetas;Clase de envío;Imágenes;Límite de descargas;Días de caducidad de la descarga;Superior;Productos agrupados;Ventas dirigidas;Ventas cruzadas;URL externa;Texto del botón;Posición;Nombre del atributo 1;Valor(es) del atributo 1;Atributo visible 1;Atributo global 1;Nombre del atributo 2;Valor(es) del atributo 2;Atributo visible 2;Atributo global 2;Nombre del atributo 3;Valor(es) del atributo 3;Atributo visible 3;Atributo global 3
variable;ABS-DARK;Cuadro Dark Desert;1;0;visible;"Decora tu hogar con nuestros diseños y marcos modernos y exclusivos. Este producto es un cuadro listo para colgar, incluye lámina impresa en papel de alto gramaje.
Disponible en moldura tipo chata o cajón de madera kiry; colores Negro, Blanco o Natural. También disponibles en varias medidas.

Incluye vidrio de 2 mm y accesorios para colgar.";;;;taxable;;1;;;0;0;;;;;1;;;;Abstracto, Abstracto > Vertical;cuadro vertical, arte abstracto;;http://prontomarco.test/wp-content/uploads/2021/07/abstracto-vertical-ambientada3.jpg, http://prontomarco.test/wp-content/uploads/2021/07/abstracto-vertical3.jpg;;;;;;;;;0;Color;Blanco, Natural, Negro;1;1;Medida;15 X 20, 20 X 30, 30 X 40, 40 X 50, 40 X 60, 50 X 70, 60 X 90;1;1;Tipo de Marco;Caja, Chata;1;1
variation;ABS-DARK-NAT-CAJ-1520;Cuadro Dark Desert;1;0;visible;;"Tipo de Marco: Cajón.
Color de Marco: Natural.";;;taxable;parent;1;;;0;0;1;20;15;2;0;;;20;Abstracto, Abstracto > Vertical;cuadro vertical, arte abstracto;;http://prontomarco.test/wp-content/uploads/2021/07/natural-caja.jpg;;;ABS-DARK;;;;;;15;Color;Natural;;1;Medida;15 X 20;;1;Tipo de Marco;Caja;;1
variation;ABS-DARK-NAT-CHA-1520;Cuadro Dark Desert;1;0;visible;;"Tipo de Marco: Chata.
Color de Marco: Natural.";;;taxable;parent;1;;;0;0;1;20;15;2;0;;;30;Abstracto, Abstracto > Vertical;cuadro vertical, arte abstracto;;http://prontomarco.test/wp-content/uploads/2021/07/natural-chata.jpg;;;ABS-DARK;;;;;;16;Color;Natural;;1;Medida;15 X 20;;1;Tipo de Marco;Chata;;1
variation;ABS-DARK-NAT-CAJ-2030;Cuadro Dark Desert;1;0;visible;;"Tipo de Marco: Cajón.
Color de Marco: Natural.";;;taxable;parent;1;;;0;0;1;30;20;2;0;;;30;Abstracto, Abstracto > Vertical;cuadro vertical, arte abstracto;;http://prontomarco.test/wp-content/uploads/2021/07/natural-caja.jpg;;;ABS-DARK;;;;;;17;Color;Natural;;1;Medida;20 X 30;;1;Tipo de Marco;Caja;;1
variation;ABS-DARK-NAT-CHA-2030;Cuadro Dark Desert;1;0;visible;;"Tipo de Marco: Chata.
Color de Marco: Natural.";;;taxable;parent;1;;;0;0;1;30;20;2;0;;;30;Abstracto, Abstracto > Vertical;cuadro vertical, arte abstracto;;http://prontomarco.test/wp-content/uploads/2021/07/natural-chata.jpg;;;ABS-DARK;;;;;;18;Color;Natural;;1;Medida;20 X 30;;1;Tipo de Marco;Chata;;1
variation;ABS-DARK-NAT-CAJ-3040;Cuadro Dark Desert;1;0;visible;;"Tipo de Marco: Cajón.
Color de Marco: Natural.";;;taxable;parent;1;;;0;0;1;40;30;2;0;;;30;Abstracto, Abstracto > Vertical;cuadro vertical, arte abstracto;;http://prontomarco.test/wp-content/uploads/2021/07/natural-caja.jpg;;;ABS-DARK;;;;;;19;Color;Natural;;1;Medida;30 X 40;;1;Tipo de Marco;Caja;;1
variation;ABS-DARK-NAT-CHA-3040;Cuadro Dark Desert;1;0;visible;;"Tipo de Marco: Chata.
Color de Marco: Natural.";;;taxable;parent;1;;;0;0;1;40;30;2;0;;;30;Abstracto, Abstracto > Vertical;cuadro vertical, arte abstracto;;http://prontomarco.test/wp-content/uploads/2021/07/natural-chata.jpg;;;ABS-DARK;;;;;;20;Color;Natural;;1;Medida;30 X 40;;1;Tipo de Marco;Chata;;1
variation;ABS-DARK-NAT-CAJ-4050;Cuadro Dark Desert;1;0;visible;;"Tipo de Marco: Cajón.
Color de Marco: Natural.";;;taxable;parent;1;;;0;0;1;50;40;2;0;;;30;Abstracto, Abstracto > Vertical;cuadro vertical, arte abstracto;;http://prontomarco.test/wp-content/uploads/2021/07/natural-caja.jpg;;;ABS-DARK;;;;;;21;Color;Natural;;1;Medida;40 X 50;;1;Tipo de Marco;Caja;;1
variation;ABS-DARK-NAT-CHA-4050;Cuadro Dark Desert;1;0;visible;;"Tipo de Marco: Chata.
Color de Marco: Natural.";;;taxable;parent;1;;;0;0;1;50;40;2;0;;;30;Abstracto, Abstracto > Vertical;cuadro vertical, arte abstracto;;http://prontomarco.test/wp-content/uploads/2021/07/natural-chata.jpg;;;ABS-DARK;;;;;;22;Color;Natural;;1;Medida;40 X 50;;1;Tipo de Marco;Chata;;1
variation;ABS-DARK-NAT-CAJ-4060;Cuadro Dark Desert;1;0;visible;;"Tipo de Marco: Cajón.
Color de Marco: Natural.";;;taxable;parent;1;;;0;0;1;60;40;2;0;;;30;Abstracto, Abstracto > Vertical;cuadro vertical, arte abstracto;;http://prontomarco.test/wp-content/uploads/2021/07/natural-caja.jpg;;;ABS-DARK;;;;;;23;Color;Natural;;1;Medida;40 X 60;;1;Tipo de Marco;Caja;;1
variation;ABS-DARK-NAT-CHA-4060;Cuadro Dark Desert;1;0;visible;;"Tipo de Marco: Chata.
Color de Marco: Natural.";;;taxable;parent;1;;;0;0;1;60;40;2;0;;;30;Abstracto, Abstracto > Vertical;cuadro vertical, arte abstracto;;http://prontomarco.test/wp-content/uploads/2021/07/natural-chata.jpg;;;ABS-DARK;;;;;;24;Color;Natural;;1;Medida;40 X 60;;1;Tipo de Marco;Chata;;1
variation;ABS-DARK-NAT-CAJ-5070;Cuadro Dark Desert;1;0;visible;;"Tipo de Marco: Cajón.
Color de Marco: Natural.";;;taxable;parent;1;;;0;0;1;70;50;2;0;;;30;Abstracto, Abstracto > Vertical;cuadro vertical, arte abstracto;;http://prontomarco.test/wp-content/uploads/2021/07/natural-caja.jpg;;;ABS-DARK;;;;;;25;Color;Natural;;1;Medida;50 X 70;;1;Tipo de Marco;Caja;;1
variation;ABS-DARK-NAT-CHA-5070;Cuadro Dark Desert;1;0;visible;;"Tipo de Marco: Chata.
Color de Marco: Natural.";;;taxable;parent;1;;;0;0;1;70;50;2;0;;;30;Abstracto, Abstracto > Vertical;cuadro vertical, arte abstracto;;http://prontomarco.test/wp-content/uploads/2021/07/natural-chata.jpg;;;ABS-DARK;;;;;;26;Color;Natural;;1;Medida;50 X 70;;1;Tipo de Marco;Chata;;1
variation;ABS-DARK-NAT-CAJ-6090;Cuadro Dark Desert;1;0;visible;;"Tipo de Marco: Cajón.
Color de Marco: Natural.";;;taxable;parent;1;;;0;0;1;90;60;2;0;;;30;Abstracto, Abstracto > Vertical;cuadro vertical, arte abstracto;;http://prontomarco.test/wp-content/uploads/2021/07/natural-caja.jpg;;;ABS-DARK;;;;;;27;Color;Natural;;1;Medida;60 X 90;;1;Tipo de Marco;Caja;;1
variation;ABS-DARK-NAT-CHA-6090;Cuadro Dark Desert;1;0;visible;;"Tipo de Marco: Chata.
Color de Marco: Natural.";;;taxable;parent;1;;;0;0;1;90;60;2;0;;;30;Abstracto, Abstracto > Vertical;cuadro vertical, arte abstracto;;http://prontomarco.test/wp-content/uploads/2021/07/natural-chata.jpg;;;ABS-DARK;;;;;;28;Color;Natural;;1;Medida;60 X 90;;1;Tipo de Marco;Chata;;1
variation;ABS-DARK-NEG-CAJ-1520;Cuadro Dark Desert;1;0;visible;;"Tipo de Marco: Cajón.
Color de Marco: Negro.";;;taxable;parent;1;;;0;0;1;20;15;2;0;;;30;Abstracto, Abstracto > Vertical;cuadro vertical, arte abstracto;;http://prontomarco.test/wp-content/uploads/2021/07/negro-caja.jpg;;;ABS-DARK;;;;;;29;Color;Negro;;1;Medida;15 X 20;;1;Tipo de Marco;Caja;;1
variation;ABS-DARK-NEG-CHA-1520;Cuadro Dark Desert;1;0;visible;;"Tipo de Marco: Chata.
Color de Marco: Negro.";;;taxable;parent;1;;;0;0;1;20;15;2;0;;;30;Abstracto, Abstracto > Vertical;cuadro vertical, arte abstracto;;http://prontomarco.test/wp-content/uploads/2021/07/negro-chata.jpg;;;ABS-DARK;;;;;;30;Color;Negro;;1;Medida;15 X 20;;1;Tipo de Marco;Chata;;1
variation;ABS-DARK-NEG-CAJ-2030;Cuadro Dark Desert;1;0;visible;;"Tipo de Marco: Cajón.
Color de Marco: Negro.";;;taxable;parent;1;;;0;0;1;30;20;2;0;;;30;Abstracto, Abstracto > Vertical;cuadro vertical, arte abstracto;;http://prontomarco.test/wp-content/uploads/2021/07/negro-caja.jpg;;;ABS-DARK;;;;;;31;Color;Negro;;1;Medida;20 X 30;;1;Tipo de Marco;Caja;;1
variation;ABS-DARK-NEG-CHA-2030;Cuadro Dark Desert;1;0;visible;;"Tipo de Marco: Chata.
Color de Marco: Negro.";;;taxable;parent;1;;;0;0;1;30;20;2;0;;;30;Abstracto, Abstracto > Vertical;cuadro vertical, arte abstracto;;http://prontomarco.test/wp-content/uploads/2021/07/negro-chata.jpg;;;ABS-DARK;;;;;;32;Color;Negro;;1;Medida;20 X 30;;1;Tipo de Marco;Chata;;1
variation;ABS-DARK-NEG-CAJ-3040;Cuadro Dark Desert;1;0;visible;;"Tipo de Marco: Cajón.
Color de Marco: Negro.";;;taxable;parent;1;;;0;0;1;40;30;2;0;;;30;Abstracto, Abstracto > Vertical;cuadro vertical, arte abstracto;;http://prontomarco.test/wp-content/uploads/2021/07/negro-caja.jpg;;;ABS-DARK;;;;;;33;Color;Negro;;1;Medida;30 X 40;;1;Tipo de Marco;Caja;;1
variation;ABS-DARK-NEG-CHA-3040;Cuadro Dark Desert;1;0;visible;;"Tipo de Marco: Chata.
Color de Marco: Negro.";;;taxable;parent;1;;;0;0;1;40;30;2;0;;;30;Abstracto, Abstracto > Vertical;cuadro vertical, arte abstracto;;http://prontomarco.test/wp-content/uploads/2021/07/negro-chata.jpg;;;ABS-DARK;;;;;;34;Color;Negro;;1;Medida;30 X 40;;1;Tipo de Marco;Chata;;1
variation;ABS-DARK-NEG-CAJ-4050;Cuadro Dark Desert;1;0;visible;;"Tipo de Marco: Cajón.
Color de Marco: Negro.";;;taxable;parent;1;;;0;0;1;50;40;2;0;;;30;Abstracto, Abstracto > Vertical;cuadro vertical, arte abstracto;;http://prontomarco.test/wp-content/uploads/2021/07/negro-caja.jpg;;;ABS-DARK;;;;;;35;Color;Negro;;1;Medida;40 X 50;;1;Tipo de Marco;Caja;;1
variation;ABS-DARK-NEG-CHA-4050;Cuadro Dark Desert;1;0;visible;;"Tipo de Marco: Chata.
Color de Marco: Negro.";;;taxable;parent;1;;;0;0;1;50;40;2;0;;;30;Abstracto, Abstracto > Vertical;cuadro vertical, arte abstracto;;http://prontomarco.test/wp-content/uploads/2021/07/negro-chata.jpg;;;ABS-DARK;;;;;;36;Color;Negro;;1;Medida;40 X 50;;1;Tipo de Marco;Chata;;1
variation;ABS-DARK-NEG-CAJ-4060;Cuadro Dark Desert;1;0;visible;;"Tipo de Marco: Cajón.
Color de Marco: Negro.";;;taxable;parent;1;;;0;0;1;60;40;2;0;;;30;Abstracto, Abstracto > Vertical;cuadro vertical, arte abstracto;;http://prontomarco.test/wp-content/uploads/2021/07/negro-caja.jpg;;;ABS-DARK;;;;;;37;Color;Negro;;1;Medida;40 X 60;;1;Tipo de Marco;Caja;;1
variation;ABS-DARK-NEG-CHA-4060;Cuadro Dark Desert;1;0;visible;;"Tipo de Marco: Chata.
Color de Marco: Negro.";;;taxable;parent;1;;;0;0;1;60;40;2;0;;;30;Abstracto, Abstracto > Vertical;cuadro vertical, arte abstracto;;http://prontomarco.test/wp-content/uploads/2021/07/negro-chata.jpg;;;ABS-DARK;;;;;;38;Color;Negro;;1;Medida;40 X 60;;1;Tipo de Marco;Chata;;1
variation;ABS-DARK-NEG-CAJ-5070;Cuadro Dark Desert;1;0;visible;;"Tipo de Marco: Cajón.
Color de Marco: Negro.";;;taxable;parent;1;;;0;0;1;70;50;2;0;;;30;Abstracto, Abstracto > Vertical;cuadro vertical, arte abstracto;;http://prontomarco.test/wp-content/uploads/2021/07/negro-caja.jpg;;;ABS-DARK;;;;;;39;Color;Negro;;1;Medida;50 X 70;;1;Tipo de Marco;Caja;;1
variation;ABS-DARK-NEG-CHA-5070;Cuadro Dark Desert;1;0;visible;;"Tipo de Marco: Chata.
Color de Marco: Negro.";;;taxable;parent;1;;;0;0;1;70;50;2;0;;;30;Abstracto, Abstracto > Vertical;cuadro vertical, arte abstracto;;http://prontomarco.test/wp-content/uploads/2021/07/negro-chata.jpg;;;ABS-DARK;;;;;;40;Color;Negro;;1;Medida;50 X 70;;1;Tipo de Marco;Chata;;1
variation;ABS-DARK-NEG-CAJ-6090;Cuadro Dark Desert;1;0;visible;;"Tipo de Marco: Cajón.
Color de Marco: Negro.";;;taxable;parent;1;;;0;0;1;90;60;2;0;;;30;Abstracto, Abstracto > Vertical;cuadro vertical, arte abstracto;;http://prontomarco.test/wp-content/uploads/2021/07/negro-caja.jpg;;;ABS-DARK;;;;;;41;Color;Negro;;1;Medida;60 X 90;;1;Tipo de Marco;Caja;;1
variation;ABS-DARK-NEG-CHA-6090;Cuadro Dark Desert;1;0;visible;;"Tipo de Marco: Chata.
Color de Marco: Negro.";;;taxable;parent;1;;;0;0;1;90;60;2;0;;;30;Abstracto, Abstracto > Vertical;cuadro vertical, arte abstracto;;http://prontomarco.test/wp-content/uploads/2021/07/negro-chata.jpg;;;ABS-DARK;;;;;;42;Color;Negro;;1;Medida;60 X 90;;1;Tipo de Marco;Chata;;1
variation;ABS-DARK-BLA-CAJ-1520;Cuadro Dark Desert;1;0;visible;;"Tipo de Marco: Cajón.
Color de Marco: Blanco.";;;taxable;parent;1;;;0;0;1;20;15;2;0;;;30;Abstracto, Abstracto > Vertical;cuadro vertical, arte abstracto;;http://prontomarco.test/wp-content/uploads/2021/07/blanco-caja.jpg;;;ABS-DARK;;;;;;1;Color;Blanco;;1;Medida;15 X 20;;1;Tipo de Marco;Caja;;1
variation;ABS-DARK-BLA-CHA-1520;Cuadro Dark Desert;1;0;visible;;"Tipo de Marco: Chata.
Color de Marco: Blanco.";;;taxable;parent;1;;;0;0;1;20;15;2;0;;;30;Abstracto, Abstracto > Vertical;cuadro vertical, arte abstracto;;http://prontomarco.test/wp-content/uploads/2021/07/blanco-chata.jpg;;;ABS-DARK;;;;;;2;Color;Blanco;;1;Medida;15 X 20;;1;Tipo de Marco;Chata;;1
variation;ABS-DARK-BLA-CAJ-2030;Cuadro Dark Desert;1;0;visible;;"Tipo de Marco: Cajón.
Color de Marco: Blanco.";;;taxable;parent;1;;;0;0;1;30;20;2;0;;;30;Abstracto, Abstracto > Vertical;cuadro vertical, arte abstracto;;http://prontomarco.test/wp-content/uploads/2021/07/blanco-caja.jpg;;;ABS-DARK;;;;;;3;Color;Blanco;;1;Medida;20 X 30;;1;Tipo de Marco;Caja;;1
variation;ABS-DARK-BLA-CHA-2030;Cuadro Dark Desert;1;0;visible;;"Tipo de Marco: Chata.
Color de Marco: Blanco.";;;taxable;parent;1;;;0;0;1;30;20;2;0;;;30;Abstracto, Abstracto > Vertical;cuadro vertical, arte abstracto;;http://prontomarco.test/wp-content/uploads/2021/07/blanco-chata.jpg;;;ABS-DARK;;;;;;4;Color;Blanco;;1;Medida;20 X 30;;1;Tipo de Marco;Chata;;1
variation;ABS-DARK-BLA-CAJ-3040;Cuadro Dark Desert;1;0;visible;;"Tipo de Marco: Cajón.
Color de Marco: Blanco.";;;taxable;parent;1;;;0;0;1;40;30;2;0;;;30;Abstracto, Abstracto > Vertical;cuadro vertical, arte abstracto;;http://prontomarco.test/wp-content/uploads/2021/07/blanco-caja.jpg;;;ABS-DARK;;;;;;5;Color;Blanco;;1;Medida;30 X 40;;1;Tipo de Marco;Caja;;1
variation;ABS-DARK-BLA-CHA-3040;Cuadro Dark Desert;1;0;visible;;"Tipo de Marco: Chata.
Color de Marco: Blanco.";;;taxable;parent;1;;;0;0;1;40;30;2;0;;;30;Abstracto, Abstracto > Vertical;cuadro vertical, arte abstracto;;http://prontomarco.test/wp-content/uploads/2021/07/blanco-chata.jpg;;;ABS-DARK;;;;;;6;Color;Blanco;;1;Medida;30 X 40;;1;Tipo de Marco;Chata;;1
variation;ABS-DARK-BLA-CAJ-4050;Cuadro Dark Desert;1;0;visible;;"Tipo de Marco: Cajón.
Color de Marco: Blanco.";;;taxable;parent;1;;;0;0;1;50;40;2;0;;;30;Abstracto, Abstracto > Vertical;cuadro vertical, arte abstracto;;http://prontomarco.test/wp-content/uploads/2021/07/blanco-caja.jpg;;;ABS-DARK;;;;;;7;Color;Blanco;;1;Medida;40 X 50;;1;Tipo de Marco;Caja;;1
variation;ABS-DARK-BLA-CHA-4050;Cuadro Dark Desert;1;0;visible;;"Tipo de Marco: Chata.
Color de Marco: Blanco.";;;taxable;parent;1;;;0;0;1;50;40;2;0;;;30;Abstracto, Abstracto > Vertical;cuadro vertical, arte abstracto;;http://prontomarco.test/wp-content/uploads/2021/07/blanco-chata.jpg;;;ABS-DARK;;;;;;8;Color;Blanco;;1;Medida;40 X 50;;1;Tipo de Marco;Chata;;1
variation;ABS-DARK-BLA-CAJ-4060;Cuadro Dark Desert;1;0;visible;;"Tipo de Marco: Cajón.
Color de Marco: Blanco.";;;taxable;parent;1;;;0;0;1;60;40;2;0;;;30;Abstracto, Abstracto > Vertical;cuadro vertical, arte abstracto;;http://prontomarco.test/wp-content/uploads/2021/07/blanco-caja.jpg;;;ABS-DARK;;;;;;9;Color;Blanco;;1;Medida;40 X 60;;1;Tipo de Marco;Caja;;1
variation;ABS-DARK-BLA-CHA-4060;Cuadro Dark Desert;1;0;visible;;"Tipo de Marco: Chata.
Color de Marco: Blanco.";;;taxable;parent;1;;;0;0;1;60;40;2;0;;;30;Abstracto, Abstracto > Vertical;cuadro vertical, arte abstracto;;http://prontomarco.test/wp-content/uploads/2021/07/blanco-chata.jpg;;;ABS-DARK;;;;;;10;Color;Blanco;;1;Medida;40 X 60;;1;Tipo de Marco;Chata;;1
variation;ABS-DARK-BLA-CAJ-5070;Cuadro Dark Desert;1;0;visible;;"Tipo de Marco: Cajón.
Color de Marco: Blanco.";;;taxable;parent;1;;;0;0;1;70;50;2;0;;;30;Abstracto, Abstracto > Vertical;cuadro vertical, arte abstracto;;http://prontomarco.test/wp-content/uploads/2021/07/blanco-caja.jpg;;;ABS-DARK;;;;;;11;Color;Blanco;;1;Medida;50 X 70;;1;Tipo de Marco;Caja;;1
variation;ABS-DARK-BLA-CHA-5070;Cuadro Dark Desert;1;0;visible;;"Tipo de Marco: Chata.
Color de Marco: Blanco.";;;taxable;parent;1;;;0;0;1;70;50;2;0;;;30;Abstracto, Abstracto > Vertical;cuadro vertical, arte abstracto;;http://prontomarco.test/wp-content/uploads/2021/07/blanco-chata.jpg;;;ABS-DARK;;;;;;12;Color;Blanco;;1;Medida;50 X 70;;1;Tipo de Marco;Chata;;1
variation;ABS-DARK-BLA-CAJ-6090;Cuadro Dark Desert;1;0;visible;;"Tipo de Marco: Cajón.
Color de Marco: Blanco.";;;taxable;parent;1;;;0;0;1;90;60;2;0;;;30;Abstracto, Abstracto > Vertical;cuadro vertical, arte abstracto;;http://prontomarco.test/wp-content/uploads/2021/07/blanco-caja.jpg;;;ABS-DARK;;;;;;13;Color;Blanco;;1;Medida;60 X 90;;1;Tipo de Marco;Caja;;1
variation;ABS-DARK-BLA-CHA-6090;Cuadro Dark Desert;1;0;visible;;"Tipo de Marco: Chata.
Color de Marco: Blanco.";;;taxable;parent;1;;;0;0;1;90;60;2;0;;;30;Abstracto, Abstracto > Vertical;cuadro vertical, arte abstracto;;http://prontomarco.test/wp-content/uploads/2021/07/blanco-chata.jpg;;;ABS-DARK;;;;;;14;Color;Blanco;;1;Medida;60 X 90;;1;Tipo de Marco;Chata;;1
variable;ABS-HOTC;Cuadro Hot Cloud;1;0;visible;"Decora tu hogar con nuestros diseños y marcos modernos y exclusivos. Este producto es un cuadro listo para colgar, incluye lámina impresa en papel de alto gramaje.
Disponible en moldura tipo chata o cajón de madera kiry; colores Negro, Blanco o Natural. También disponibles en varias medidas.

Incluye vidrio de 2 mm y accesorios para colgar.";;;;taxable;;1;;;0;0;;;;;1;;;;Abstracto, Abstracto > Vertical;cuadro vertical, arte abstracto;;http://prontomarco.test/wp-content/uploads/2021/07/abstracto-vertical-ambientada4.jpg, http://prontomarco.test/wp-content/uploads/2021/07/abstracto-vertical4.jpg;;;;;;;;;0;Color;Blanco, Natural, Negro;1;1;Medida;15 X 20, 20 X 30, 30 X 40, 40 X 50, 40 X 60, 50 X 70, 60 X 90;1;1;Tipo de Marco;Caja, Chata;1;1
variation;ABS-HOTC-NAT-CAJ-1520;Cuadro Hot Cloud;1;0;visible;;"Tipo de Marco: Cajón.
Color de Marco: Natural.";;;taxable;parent;1;;;0;0;1;20;15;2;0;;;20;Abstracto, Abstracto > Vertical;cuadro vertical, arte abstracto;;http://prontomarco.test/wp-content/uploads/2021/07/natural-caja.jpg;;;ABS-HOTC;;;;;;15;Color;Natural;;1;Medida;15 X 20;;1;Tipo de Marco;Caja;;1
variation;ABS-HOTC-NAT-CHA-1520;Cuadro Hot Cloud;1;0;visible;;"Tipo de Marco: Chata.
Color de Marco: Natural.";;;taxable;parent;1;;;0;0;1;20;15;2;0;;;30;Abstracto, Abstracto > Vertical;cuadro vertical, arte abstracto;;http://prontomarco.test/wp-content/uploads/2021/07/natural-chata.jpg;;;ABS-HOTC;;;;;;16;Color;Natural;;1;Medida;15 X 20;;1;Tipo de Marco;Chata;;1
variation;ABS-HOTC-NAT-CAJ-2030;Cuadro Hot Cloud;1;0;visible;;"Tipo de Marco: Cajón.
Color de Marco: Natural.";;;taxable;parent;1;;;0;0;1;30;20;2;0;;;30;Abstracto, Abstracto > Vertical;cuadro vertical, arte abstracto;;http://prontomarco.test/wp-content/uploads/2021/07/natural-caja.jpg;;;ABS-HOTC;;;;;;17;Color;Natural;;1;Medida;20 X 30;;1;Tipo de Marco;Caja;;1
variation;ABS-HOTC-NAT-CHA-2030;Cuadro Hot Cloud;1;0;visible;;"Tipo de Marco: Chata.
Color de Marco: Natural.";;;taxable;parent;1;;;0;0;1;30;20;2;0;;;30;Abstracto, Abstracto > Vertical;cuadro vertical, arte abstracto;;http://prontomarco.test/wp-content/uploads/2021/07/natural-chata.jpg;;;ABS-HOTC;;;;;;18;Color;Natural;;1;Medida;20 X 30;;1;Tipo de Marco;Chata;;1
variation;ABS-HOTC-NAT-CAJ-3040;Cuadro Hot Cloud;1;0;visible;;"Tipo de Marco: Cajón.
Color de Marco: Natural.";;;taxable;parent;1;;;0;0;1;40;30;2;0;;;30;Abstracto, Abstracto > Vertical;cuadro vertical, arte abstracto;;http://prontomarco.test/wp-content/uploads/2021/07/natural-caja.jpg;;;ABS-HOTC;;;;;;19;Color;Natural;;1;Medida;30 X 40;;1;Tipo de Marco;Caja;;1
variation;ABS-HOTC-NAT-CHA-3040;Cuadro Hot Cloud;1;0;visible;;"Tipo de Marco: Chata.
Color de Marco: Natural.";;;taxable;parent;1;;;0;0;1;40;30;2;0;;;30;Abstracto, Abstracto > Vertical;cuadro vertical, arte abstracto;;http://prontomarco.test/wp-content/uploads/2021/07/natural-chata.jpg;;;ABS-HOTC;;;;;;20;Color;Natural;;1;Medida;30 X 40;;1;Tipo de Marco;Chata;;1
variation;ABS-HOTC-NAT-CAJ-4050;Cuadro Hot Cloud;1;0;visible;;"Tipo de Marco: Cajón.
Color de Marco: Natural.";;;taxable;parent;1;;;0;0;1;50;40;2;0;;;30;Abstracto, Abstracto > Vertical;cuadro vertical, arte abstracto;;http://prontomarco.test/wp-content/uploads/2021/07/natural-caja.jpg;;;ABS-HOTC;;;;;;21;Color;Natural;;1;Medida;40 X 50;;1;Tipo de Marco;Caja;;1
variation;ABS-HOTC-NAT-CHA-4050;Cuadro Hot Cloud;1;0;visible;;"Tipo de Marco: Chata.
Color de Marco: Natural.";;;taxable;parent;1;;;0;0;1;50;40;2;0;;;30;Abstracto, Abstracto > Vertical;cuadro vertical, arte abstracto;;http://prontomarco.test/wp-content/uploads/2021/07/natural-chata.jpg;;;ABS-HOTC;;;;;;22;Color;Natural;;1;Medida;40 X 50;;1;Tipo de Marco;Chata;;1
variation;ABS-HOTC-NAT-CAJ-4060;Cuadro Hot Cloud;1;0;visible;;"Tipo de Marco: Cajón.
Color de Marco: Natural.";;;taxable;parent;1;;;0;0;1;60;40;2;0;;;30;Abstracto, Abstracto > Vertical;cuadro vertical, arte abstracto;;http://prontomarco.test/wp-content/uploads/2021/07/natural-caja.jpg;;;ABS-HOTC;;;;;;23;Color;Natural;;1;Medida;40 X 60;;1;Tipo de Marco;Caja;;1
variation;ABS-HOTC-NAT-CHA-4060;Cuadro Hot Cloud;1;0;visible;;"Tipo de Marco: Chata.
Color de Marco: Natural.";;;taxable;parent;1;;;0;0;1;60;40;2;0;;;30;Abstracto, Abstracto > Vertical;cuadro vertical, arte abstracto;;http://prontomarco.test/wp-content/uploads/2021/07/natural-chata.jpg;;;ABS-HOTC;;;;;;24;Color;Natural;;1;Medida;40 X 60;;1;Tipo de Marco;Chata;;1
variation;ABS-HOTC-NAT-CAJ-5070;Cuadro Hot Cloud;1;0;visible;;"Tipo de Marco: Cajón.
Color de Marco: Natural.";;;taxable;parent;1;;;0;0;1;70;50;2;0;;;30;Abstracto, Abstracto > Vertical;cuadro vertical, arte abstracto;;http://prontomarco.test/wp-content/uploads/2021/07/natural-caja.jpg;;;ABS-HOTC;;;;;;25;Color;Natural;;1;Medida;50 X 70;;1;Tipo de Marco;Caja;;1
variation;ABS-HOTC-NAT-CHA-5070;Cuadro Hot Cloud;1;0;visible;;"Tipo de Marco: Chata.
Color de Marco: Natural.";;;taxable;parent;1;;;0;0;1;70;50;2;0;;;30;Abstracto, Abstracto > Vertical;cuadro vertical, arte abstracto;;http://prontomarco.test/wp-content/uploads/2021/07/natural-chata.jpg;;;ABS-HOTC;;;;;;26;Color;Natural;;1;Medida;50 X 70;;1;Tipo de Marco;Chata;;1
variation;ABS-HOTC-NAT-CAJ-6090;Cuadro Hot Cloud;1;0;visible;;"Tipo de Marco: Cajón.
Color de Marco: Natural.";;;taxable;parent;1;;;0;0;1;90;60;2;0;;;30;Abstracto, Abstracto > Vertical;cuadro vertical, arte abstracto;;http://prontomarco.test/wp-content/uploads/2021/07/natural-caja.jpg;;;ABS-HOTC;;;;;;27;Color;Natural;;1;Medida;60 X 90;;1;Tipo de Marco;Caja;;1
variation;ABS-HOTC-NAT-CHA-6090;Cuadro Hot Cloud;1;0;visible;;"Tipo de Marco: Chata.
Color de Marco: Natural.";;;taxable;parent;1;;;0;0;1;90;60;2;0;;;30;Abstracto, Abstracto > Vertical;cuadro vertical, arte abstracto;;http://prontomarco.test/wp-content/uploads/2021/07/natural-chata.jpg;;;ABS-HOTC;;;;;;28;Color;Natural;;1;Medida;60 X 90;;1;Tipo de Marco;Chata;;1
variation;ABS-HOTC-NEG-CAJ-1520;Cuadro Hot Cloud;1;0;visible;;"Tipo de Marco: Cajón.
Color de Marco: Negro.";;;taxable;parent;1;;;0;0;1;20;15;2;0;;;30;Abstracto, Abstracto > Vertical;cuadro vertical, arte abstracto;;http://prontomarco.test/wp-content/uploads/2021/07/negro-caja.jpg;;;ABS-HOTC;;;;;;29;Color;Negro;;1;Medida;15 X 20;;1;Tipo de Marco;Caja;;1
variation;ABS-HOTC-NEG-CHA-1520;Cuadro Hot Cloud;1;0;visible;;"Tipo de Marco: Chata.
Color de Marco: Negro.";;;taxable;parent;1;;;0;0;1;20;15;2;0;;;30;Abstracto, Abstracto > Vertical;cuadro vertical, arte abstracto;;http://prontomarco.test/wp-content/uploads/2021/07/negro-chata.jpg;;;ABS-HOTC;;;;;;30;Color;Negro;;1;Medida;15 X 20;;1;Tipo de Marco;Chata;;1
variation;ABS-HOTC-NEG-CAJ-2030;Cuadro Hot Cloud;1;0;visible;;"Tipo de Marco: Cajón.
Color de Marco: Negro.";;;taxable;parent;1;;;0;0;1;30;20;2;0;;;30;Abstracto, Abstracto > Vertical;cuadro vertical, arte abstracto;;http://prontomarco.test/wp-content/uploads/2021/07/negro-caja.jpg;;;ABS-HOTC;;;;;;31;Color;Negro;;1;Medida;20 X 30;;1;Tipo de Marco;Caja;;1
variation;ABS-HOTC-NEG-CHA-2030;Cuadro Hot Cloud;1;0;visible;;"Tipo de Marco: Chata.
Color de Marco: Negro.";;;taxable;parent;1;;;0;0;1;30;20;2;0;;;30;Abstracto, Abstracto > Vertical;cuadro vertical, arte abstracto;;http://prontomarco.test/wp-content/uploads/2021/07/negro-chata.jpg;;;ABS-HOTC;;;;;;32;Color;Negro;;1;Medida;20 X 30;;1;Tipo de Marco;Chata;;1
variation;ABS-HOTC-NEG-CAJ-3040;Cuadro Hot Cloud;1;0;visible;;"Tipo de Marco: Cajón.
Color de Marco: Negro.";;;taxable;parent;1;;;0;0;1;40;30;2;0;;;30;Abstracto, Abstracto > Vertical;cuadro vertical, arte abstracto;;http://prontomarco.test/wp-content/uploads/2021/07/negro-caja.jpg;;;ABS-HOTC;;;;;;33;Color;Negro;;1;Medida;30 X 40;;1;Tipo de Marco;Caja;;1
variation;ABS-HOTC-NEG-CHA-3040;Cuadro Hot Cloud;1;0;visible;;"Tipo de Marco: Chata.
Color de Marco: Negro.";;;taxable;parent;1;;;0;0;1;40;30;2;0;;;30;Abstracto, Abstracto > Vertical;cuadro vertical, arte abstracto;;http://prontomarco.test/wp-content/uploads/2021/07/negro-chata.jpg;;;ABS-HOTC;;;;;;34;Color;Negro;;1;Medida;30 X 40;;1;Tipo de Marco;Chata;;1
variation;ABS-HOTC-NEG-CAJ-4050;Cuadro Hot Cloud;1;0;visible;;"Tipo de Marco: Cajón.
Color de Marco: Negro.";;;taxable;parent;1;;;0;0;1;50;40;2;0;;;30;Abstracto, Abstracto > Vertical;cuadro vertical, arte abstracto;;http://prontomarco.test/wp-content/uploads/2021/07/negro-caja.jpg;;;ABS-HOTC;;;;;;35;Color;Negro;;1;Medida;40 X 50;;1;Tipo de Marco;Caja;;1
variation;ABS-HOTC-NEG-CHA-4050;Cuadro Hot Cloud;1;0;visible;;"Tipo de Marco: Chata.
Color de Marco: Negro.";;;taxable;parent;1;;;0;0;1;50;40;2;0;;;30;Abstracto, Abstracto > Vertical;cuadro vertical, arte abstracto;;http://prontomarco.test/wp-content/uploads/2021/07/negro-chata.jpg;;;ABS-HOTC;;;;;;36;Color;Negro;;1;Medida;40 X 50;;1;Tipo de Marco;Chata;;1
variation;ABS-HOTC-NEG-CAJ-4060;Cuadro Hot Cloud;1;0;visible;;"Tipo de Marco: Cajón.
Color de Marco: Negro.";;;taxable;parent;1;;;0;0;1;60;40;2;0;;;30;Abstracto, Abstracto > Vertical;cuadro vertical, arte abstracto;;http://prontomarco.test/wp-content/uploads/2021/07/negro-caja.jpg;;;ABS-HOTC;;;;;;37;Color;Negro;;1;Medida;40 X 60;;1;Tipo de Marco;Caja;;1
variation;ABS-HOTC-NEG-CHA-4060;Cuadro Hot Cloud;1;0;visible;;"Tipo de Marco: Chata.
Color de Marco: Negro.";;;taxable;parent;1;;;0;0;1;60;40;2;0;;;30;Abstracto, Abstracto > Vertical;cuadro vertical, arte abstracto;;http://prontomarco.test/wp-content/uploads/2021/07/negro-chata.jpg;;;ABS-HOTC;;;;;;38;Color;Negro;;1;Medida;40 X 60;;1;Tipo de Marco;Chata;;1
variation;ABS-HOTC-NEG-CAJ-5070;Cuadro Hot Cloud;1;0;visible;;"Tipo de Marco: Cajón.
Color de Marco: Negro.";;;taxable;parent;1;;;0;0;1;70;50;2;0;;;30;Abstracto, Abstracto > Vertical;cuadro vertical, arte abstracto;;http://prontomarco.test/wp-content/uploads/2021/07/negro-caja.jpg;;;ABS-HOTC;;;;;;39;Color;Negro;;1;Medida;50 X 70;;1;Tipo de Marco;Caja;;1
variation;ABS-HOTC-NEG-CHA-5070;Cuadro Hot Cloud;1;0;visible;;"Tipo de Marco: Chata.
Color de Marco: Negro.";;;taxable;parent;1;;;0;0;1;70;50;2;0;;;30;Abstracto, Abstracto > Vertical;cuadro vertical, arte abstracto;;http://prontomarco.test/wp-content/uploads/2021/07/negro-chata.jpg;;;ABS-HOTC;;;;;;40;Color;Negro;;1;Medida;50 X 70;;1;Tipo de Marco;Chata;;1
variation;ABS-HOTC-NEG-CAJ-6090;Cuadro Hot Cloud;1;0;visible;;"Tipo de Marco: Cajón.
Color de Marco: Negro.";;;taxable;parent;1;;;0;0;1;90;60;2;0;;;30;Abstracto, Abstracto > Vertical;cuadro vertical, arte abstracto;;http://prontomarco.test/wp-content/uploads/2021/07/negro-caja.jpg;;;ABS-HOTC;;;;;;41;Color;Negro;;1;Medida;60 X 90;;1;Tipo de Marco;Caja;;1
variation;ABS-HOTC-NEG-CHA-6090;Cuadro Hot Cloud;1;0;visible;;"Tipo de Marco: Chata.
Color de Marco: Negro.";;;taxable;parent;1;;;0;0;1;90;60;2;0;;;30;Abstracto, Abstracto > Vertical;cuadro vertical, arte abstracto;;http://prontomarco.test/wp-content/uploads/2021/07/negro-chata.jpg;;;ABS-HOTC;;;;;;42;Color;Negro;;1;Medida;60 X 90;;1;Tipo de Marco;Chata;;1
variation;ABS-HOTC-BLA-CAJ-1520;Cuadro Hot Cloud;1;0;visible;;"Tipo de Marco: Cajón.
Color de Marco: Blanco.";;;taxable;parent;1;;;0;0;1;20;15;2;0;;;30;Abstracto, Abstracto > Vertical;cuadro vertical, arte abstracto;;http://prontomarco.test/wp-content/uploads/2021/07/blanco-caja.jpg;;;ABS-HOTC;;;;;;1;Color;Blanco;;1;Medida;15 X 20;;1;Tipo de Marco;Caja;;1
variation;ABS-HOTC-BLA-CHA-1520;Cuadro Hot Cloud;1;0;visible;;"Tipo de Marco: Chata.
Color de Marco: Blanco.";;;taxable;parent;1;;;0;0;1;20;15;2;0;;;30;Abstracto, Abstracto > Vertical;cuadro vertical, arte abstracto;;http://prontomarco.test/wp-content/uploads/2021/07/blanco-chata.jpg;;;ABS-HOTC;;;;;;2;Color;Blanco;;1;Medida;15 X 20;;1;Tipo de Marco;Chata;;1
variation;ABS-HOTC-BLA-CAJ-2030;Cuadro Hot Cloud;1;0;visible;;"Tipo de Marco: Cajón.
Color de Marco: Blanco.";;;taxable;parent;1;;;0;0;1;30;20;2;0;;;30;Abstracto, Abstracto > Vertical;cuadro vertical, arte abstracto;;http://prontomarco.test/wp-content/uploads/2021/07/blanco-caja.jpg;;;ABS-HOTC;;;;;;3;Color;Blanco;;1;Medida;20 X 30;;1;Tipo de Marco;Caja;;1
variation;ABS-HOTC-BLA-CHA-2030;Cuadro Hot Cloud;1;0;visible;;"Tipo de Marco: Chata.
Color de Marco: Blanco.";;;taxable;parent;1;;;0;0;1;30;20;2;0;;;30;Abstracto, Abstracto > Vertical;cuadro vertical, arte abstracto;;http://prontomarco.test/wp-content/uploads/2021/07/blanco-chata.jpg;;;ABS-HOTC;;;;;;4;Color;Blanco;;1;Medida;20 X 30;;1;Tipo de Marco;Chata;;1
variation;ABS-HOTC-BLA-CAJ-3040;Cuadro Hot Cloud;1;0;visible;;"Tipo de Marco: Cajón.
Color de Marco: Blanco.";;;taxable;parent;1;;;0;0;1;40;30;2;0;;;30;Abstracto, Abstracto > Vertical;cuadro vertical, arte abstracto;;http://prontomarco.test/wp-content/uploads/2021/07/blanco-caja.jpg;;;ABS-HOTC;;;;;;5;Color;Blanco;;1;Medida;30 X 40;;1;Tipo de Marco;Caja;;1
variation;ABS-HOTC-BLA-CHA-3040;Cuadro Hot Cloud;1;0;visible;;"Tipo de Marco: Chata.
Color de Marco: Blanco.";;;taxable;parent;1;;;0;0;1;40;30;2;0;;;30;Abstracto, Abstracto > Vertical;cuadro vertical, arte abstracto;;http://prontomarco.test/wp-content/uploads/2021/07/blanco-chata.jpg;;;ABS-HOTC;;;;;;6;Color;Blanco;;1;Medida;30 X 40;;1;Tipo de Marco;Chata;;1
variation;ABS-HOTC-BLA-CAJ-4050;Cuadro Hot Cloud;1;0;visible;;"Tipo de Marco: Cajón.
Color de Marco: Blanco.";;;taxable;parent;1;;;0;0;1;50;40;2;0;;;30;Abstracto, Abstracto > Vertical;cuadro vertical, arte abstracto;;http://prontomarco.test/wp-content/uploads/2021/07/blanco-caja.jpg;;;ABS-HOTC;;;;;;7;Color;Blanco;;1;Medida;40 X 50;;1;Tipo de Marco;Caja;;1
variation;ABS-HOTC-BLA-CHA-4050;Cuadro Hot Cloud;1;0;visible;;"Tipo de Marco: Chata.
Color de Marco: Blanco.";;;taxable;parent;1;;;0;0;1;50;40;2;0;;;30;Abstracto, Abstracto > Vertical;cuadro vertical, arte abstracto;;http://prontomarco.test/wp-content/uploads/2021/07/blanco-chata.jpg;;;ABS-HOTC;;;;;;8;Color;Blanco;;1;Medida;40 X 50;;1;Tipo de Marco;Chata;;1
variation;ABS-HOTC-BLA-CAJ-4060;Cuadro Hot Cloud;1;0;visible;;"Tipo de Marco: Cajón.
Color de Marco: Blanco.";;;taxable;parent;1;;;0;0;1;60;40;2;0;;;30;Abstracto, Abstracto > Vertical;cuadro vertical, arte abstracto;;http://prontomarco.test/wp-content/uploads/2021/07/blanco-caja.jpg;;;ABS-HOTC;;;;;;9;Color;Blanco;;1;Medida;40 X 60;;1;Tipo de Marco;Caja;;1
variation;ABS-HOTC-BLA-CHA-4060;Cuadro Hot Cloud;1;0;visible;;"Tipo de Marco: Chata.
Color de Marco: Blanco.";;;taxable;parent;1;;;0;0;1;60;40;2;0;;;30;Abstracto, Abstracto > Vertical;cuadro vertical, arte abstracto;;http://prontomarco.test/wp-content/uploads/2021/07/blanco-chata.jpg;;;ABS-HOTC;;;;;;10;Color;Blanco;;1;Medida;40 X 60;;1;Tipo de Marco;Chata;;1
variation;ABS-HOTC-BLA-CAJ-5070;Cuadro Hot Cloud;1;0;visible;;"Tipo de Marco: Cajón.
Color de Marco: Blanco.";;;taxable;parent;1;;;0;0;1;70;50;2;0;;;30;Abstracto, Abstracto > Vertical;cuadro vertical, arte abstracto;;http://prontomarco.test/wp-content/uploads/2021/07/blanco-caja.jpg;;;ABS-HOTC;;;;;;11;Color;Blanco;;1;Medida;50 X 70;;1;Tipo de Marco;Caja;;1
variation;ABS-HOTC-BLA-CHA-5070;Cuadro Hot Cloud;1;0;visible;;"Tipo de Marco: Chata.
Color de Marco: Blanco.";;;taxable;parent;1;;;0;0;1;70;50;2;0;;;30;Abstracto, Abstracto > Vertical;cuadro vertical, arte abstracto;;http://prontomarco.test/wp-content/uploads/2021/07/blanco-chata.jpg;;;ABS-HOTC;;;;;;12;Color;Blanco;;1;Medida;50 X 70;;1;Tipo de Marco;Chata;;1
variation;ABS-HOTC-BLA-CAJ-6090;Cuadro Hot Cloud;1;0;visible;;"Tipo de Marco: Cajón.
Color de Marco: Blanco.";;;taxable;parent;1;;;0;0;1;90;60;2;0;;;30;Abstracto, Abstracto > Vertical;cuadro vertical, arte abstracto;;http://prontomarco.test/wp-content/uploads/2021/07/blanco-caja.jpg;;;ABS-HOTC;;;;;;13;Color;Blanco;;1;Medida;60 X 90;;1;Tipo de Marco;Caja;;1
variation;ABS-HOTC-BLA-CHA-6090;Cuadro Hot Cloud;1;0;visible;;"Tipo de Marco: Chata.
Color de Marco: Blanco.";;;taxable;parent;1;;;0;0;1;90;60;2;0;;;30;Abstracto, Abstracto > Vertical;cuadro vertical, arte abstracto;;http://prontomarco.test/wp-content/uploads/2021/07/blanco-chata.jpg;;;ABS-HOTC;;;;;;14;Color;Blanco;;1;Medida;60 X 90;;1;Tipo de Marco;Chata;;1
variable;ABS-CLASS;Cuadro Classic Vermouth;1;0;visible;"Decora tu hogar con nuestros diseños y marcos modernos y exclusivos. Este producto es un cuadro listo para colgar, incluye lámina impresa en papel de alto gramaje.
Disponible en moldura tipo chata o cajón de madera kiry; colores Negro, Blanco o Natural. También disponibles en varias medidas.

Incluye vidrio de 2 mm y accesorios para colgar.";;;;taxable;;1;;;0;0;;;;;1;;;;Abstracto, Abstracto > Vertical;cuadro vertical, arte abstracto;;http://prontomarco.test/wp-content/uploads/2021/07/abstracto-vertical-ambientada5.jpg, http://prontomarco.test/wp-content/uploads/2021/07/abstracto-vertical5.jpg;;;;;;;;;0;Color;Blanco, Natural, Negro;1;1;Medida;15 X 20, 20 X 30, 30 X 40, 40 X 50, 40 X 60, 50 X 70, 60 X 90;1;1;Tipo de Marco;Caja, Chata;1;1
variation;ABS-CLASS-NAT-CAJ-1520;Cuadro Classic Vermouth;1;0;visible;;"Tipo de Marco: Cajón.
Color de Marco: Natural.";;;taxable;parent;1;;;0;0;1;20;15;2;0;;;20;Abstracto, Abstracto > Vertical;cuadro vertical, arte abstracto;;http://prontomarco.test/wp-content/uploads/2021/07/natural-caja.jpg;;;ABS-CLASS;;;;;;15;Color;Natural;;1;Medida;15 X 20;;1;Tipo de Marco;Caja;;1
variation;ABS-CLASS-NAT-CHA-1520;Cuadro Classic Vermouth;1;0;visible;;"Tipo de Marco: Chata.
Color de Marco: Natural.";;;taxable;parent;1;;;0;0;1;20;15;2;0;;;30;Abstracto, Abstracto > Vertical;cuadro vertical, arte abstracto;;http://prontomarco.test/wp-content/uploads/2021/07/natural-chata.jpg;;;ABS-CLASS;;;;;;16;Color;Natural;;1;Medida;15 X 20;;1;Tipo de Marco;Chata;;1
variation;ABS-CLASS-NAT-CAJ-2030;Cuadro Classic Vermouth;1;0;visible;;"Tipo de Marco: Cajón.
Color de Marco: Natural.";;;taxable;parent;1;;;0;0;1;30;20;2;0;;;30;Abstracto, Abstracto > Vertical;cuadro vertical, arte abstracto;;http://prontomarco.test/wp-content/uploads/2021/07/natural-caja.jpg;;;ABS-CLASS;;;;;;17;Color;Natural;;1;Medida;20 X 30;;1;Tipo de Marco;Caja;;1
variation;ABS-CLASS-NAT-CHA-2030;Cuadro Classic Vermouth;1;0;visible;;"Tipo de Marco: Chata.
Color de Marco: Natural.";;;taxable;parent;1;;;0;0;1;30;20;2;0;;;30;Abstracto, Abstracto > Vertical;cuadro vertical, arte abstracto;;http://prontomarco.test/wp-content/uploads/2021/07/natural-chata.jpg;;;ABS-CLASS;;;;;;18;Color;Natural;;1;Medida;20 X 30;;1;Tipo de Marco;Chata;;1
variation;ABS-CLASS-NAT-CAJ-3040;Cuadro Classic Vermouth;1;0;visible;;"Tipo de Marco: Cajón.
Color de Marco: Natural.";;;taxable;parent;1;;;0;0;1;40;30;2;0;;;30;Abstracto, Abstracto > Vertical;cuadro vertical, arte abstracto;;http://prontomarco.test/wp-content/uploads/2021/07/natural-caja.jpg;;;ABS-CLASS;;;;;;19;Color;Natural;;1;Medida;30 X 40;;1;Tipo de Marco;Caja;;1
variation;ABS-CLASS-NAT-CHA-3040;Cuadro Classic Vermouth;1;0;visible;;"Tipo de Marco: Chata.
Color de Marco: Natural.";;;taxable;parent;1;;;0;0;1;40;30;2;0;;;30;Abstracto, Abstracto > Vertical;cuadro vertical, arte abstracto;;http://prontomarco.test/wp-content/uploads/2021/07/natural-chata.jpg;;;ABS-CLASS;;;;;;20;Color;Natural;;1;Medida;30 X 40;;1;Tipo de Marco;Chata;;1
variation;ABS-CLASS-NAT-CAJ-4050;Cuadro Classic Vermouth;1;0;visible;;"Tipo de Marco: Cajón.
Color de Marco: Natural.";;;taxable;parent;1;;;0;0;1;50;40;2;0;;;30;Abstracto, Abstracto > Vertical;cuadro vertical, arte abstracto;;http://prontomarco.test/wp-content/uploads/2021/07/natural-caja.jpg;;;ABS-CLASS;;;;;;21;Color;Natural;;1;Medida;40 X 50;;1;Tipo de Marco;Caja;;1
variation;ABS-CLASS-NAT-CHA-4050;Cuadro Classic Vermouth;1;0;visible;;"Tipo de Marco: Chata.
Color de Marco: Natural.";;;taxable;parent;1;;;0;0;1;50;40;2;0;;;30;Abstracto, Abstracto > Vertical;cuadro vertical, arte abstracto;;http://prontomarco.test/wp-content/uploads/2021/07/natural-chata.jpg;;;ABS-CLASS;;;;;;22;Color;Natural;;1;Medida;40 X 50;;1;Tipo de Marco;Chata;;1
variation;ABS-CLASS-NAT-CAJ-4060;Cuadro Classic Vermouth;1;0;visible;;"Tipo de Marco: Cajón.
Color de Marco: Natural.";;;taxable;parent;1;;;0;0;1;60;40;2;0;;;30;Abstracto, Abstracto > Vertical;cuadro vertical, arte abstracto;;http://prontomarco.test/wp-content/uploads/2021/07/natural-caja.jpg;;;ABS-CLASS;;;;;;23;Color;Natural;;1;Medida;40 X 60;;1;Tipo de Marco;Caja;;1
variation;ABS-CLASS-NAT-CHA-4060;Cuadro Classic Vermouth;1;0;visible;;"Tipo de Marco: Chata.
Color de Marco: Natural.";;;taxable;parent;1;;;0;0;1;60;40;2;0;;;30;Abstracto, Abstracto > Vertical;cuadro vertical, arte abstracto;;http://prontomarco.test/wp-content/uploads/2021/07/natural-chata.jpg;;;ABS-CLASS;;;;;;24;Color;Natural;;1;Medida;40 X 60;;1;Tipo de Marco;Chata;;1
variation;ABS-CLASS-NAT-CAJ-5070;Cuadro Classic Vermouth;1;0;visible;;"Tipo de Marco: Cajón.
Color de Marco: Natural.";;;taxable;parent;1;;;0;0;1;70;50;2;0;;;30;Abstracto, Abstracto > Vertical;cuadro vertical, arte abstracto;;http://prontomarco.test/wp-content/uploads/2021/07/natural-caja.jpg;;;ABS-CLASS;;;;;;25;Color;Natural;;1;Medida;50 X 70;;1;Tipo de Marco;Caja;;1
variation;ABS-CLASS-NAT-CHA-5070;Cuadro Classic Vermouth;1;0;visible;;"Tipo de Marco: Chata.
Color de Marco: Natural.";;;taxable;parent;1;;;0;0;1;70;50;2;0;;;30;Abstracto, Abstracto > Vertical;cuadro vertical, arte abstracto;;http://prontomarco.test/wp-content/uploads/2021/07/natural-chata.jpg;;;ABS-CLASS;;;;;;26;Color;Natural;;1;Medida;50 X 70;;1;Tipo de Marco;Chata;;1
variation;ABS-CLASS-NAT-CAJ-6090;Cuadro Classic Vermouth;1;0;visible;;"Tipo de Marco: Cajón.
Color de Marco: Natural.";;;taxable;parent;1;;;0;0;1;90;60;2;0;;;30;Abstracto, Abstracto > Vertical;cuadro vertical, arte abstracto;;http://prontomarco.test/wp-content/uploads/2021/07/natural-caja.jpg;;;ABS-CLASS;;;;;;27;Color;Natural;;1;Medida;60 X 90;;1;Tipo de Marco;Caja;;1
variation;ABS-CLASS-NAT-CHA-6090;Cuadro Classic Vermouth;1;0;visible;;"Tipo de Marco: Chata.
Color de Marco: Natural.";;;taxable;parent;1;;;0;0;1;90;60;2;0;;;30;Abstracto, Abstracto > Vertical;cuadro vertical, arte abstracto;;http://prontomarco.test/wp-content/uploads/2021/07/natural-chata.jpg;;;ABS-CLASS;;;;;;28;Color;Natural;;1;Medida;60 X 90;;1;Tipo de Marco;Chata;;1
variation;ABS-CLASS-NEG-CAJ-1520;Cuadro Classic Vermouth;1;0;visible;;"Tipo de Marco: Cajón.
Color de Marco: Negro.";;;taxable;parent;1;;;0;0;1;20;15;2;0;;;30;Abstracto, Abstracto > Vertical;cuadro vertical, arte abstracto;;http://prontomarco.test/wp-content/uploads/2021/07/negro-caja.jpg;;;ABS-CLASS;;;;;;29;Color;Negro;;1;Medida;15 X 20;;1;Tipo de Marco;Caja;;1
variation;ABS-CLASS-NEG-CHA-1520;Cuadro Classic Vermouth;1;0;visible;;"Tipo de Marco: Chata.
Color de Marco: Negro.";;;taxable;parent;1;;;0;0;1;20;15;2;0;;;30;Abstracto, Abstracto > Vertical;cuadro vertical, arte abstracto;;http://prontomarco.test/wp-content/uploads/2021/07/negro-chata.jpg;;;ABS-CLASS;;;;;;30;Color;Negro;;1;Medida;15 X 20;;1;Tipo de Marco;Chata;;1
variation;ABS-CLASS-NEG-CAJ-2030;Cuadro Classic Vermouth;1;0;visible;;"Tipo de Marco: Cajón.
Color de Marco: Negro.";;;taxable;parent;1;;;0;0;1;30;20;2;0;;;30;Abstracto, Abstracto > Vertical;cuadro vertical, arte abstracto;;http://prontomarco.test/wp-content/uploads/2021/07/negro-caja.jpg;;;ABS-CLASS;;;;;;31;Color;Negro;;1;Medida;20 X 30;;1;Tipo de Marco;Caja;;1
variation;ABS-CLASS-NEG-CHA-2030;Cuadro Classic Vermouth;1;0;visible;;"Tipo de Marco: Chata.
Color de Marco: Negro.";;;taxable;parent;1;;;0;0;1;30;20;2;0;;;30;Abstracto, Abstracto > Vertical;cuadro vertical, arte abstracto;;http://prontomarco.test/wp-content/uploads/2021/07/negro-chata.jpg;;;ABS-CLASS;;;;;;32;Color;Negro;;1;Medida;20 X 30;;1;Tipo de Marco;Chata;;1
variation;ABS-CLASS-NEG-CAJ-3040;Cuadro Classic Vermouth;1;0;visible;;"Tipo de Marco: Cajón.
Color de Marco: Negro.";;;taxable;parent;1;;;0;0;1;40;30;2;0;;;30;Abstracto, Abstracto > Vertical;cuadro vertical, arte abstracto;;http://prontomarco.test/wp-content/uploads/2021/07/negro-caja.jpg;;;ABS-CLASS;;;;;;33;Color;Negro;;1;Medida;30 X 40;;1;Tipo de Marco;Caja;;1
variation;ABS-CLASS-NEG-CHA-3040;Cuadro Classic Vermouth;1;0;visible;;"Tipo de Marco: Chata.
Color de Marco: Negro.";;;taxable;parent;1;;;0;0;1;40;30;2;0;;;30;Abstracto, Abstracto > Vertical;cuadro vertical, arte abstracto;;http://prontomarco.test/wp-content/uploads/2021/07/negro-chata.jpg;;;ABS-CLASS;;;;;;34;Color;Negro;;1;Medida;30 X 40;;1;Tipo de Marco;Chata;;1
variation;ABS-CLASS-NEG-CAJ-4050;Cuadro Classic Vermouth;1;0;visible;;"Tipo de Marco: Cajón.
Color de Marco: Negro.";;;taxable;parent;1;;;0;0;1;50;40;2;0;;;30;Abstracto, Abstracto > Vertical;cuadro vertical, arte abstracto;;http://prontomarco.test/wp-content/uploads/2021/07/negro-caja.jpg;;;ABS-CLASS;;;;;;35;Color;Negro;;1;Medida;40 X 50;;1;Tipo de Marco;Caja;;1
variation;ABS-CLASS-NEG-CHA-4050;Cuadro Classic Vermouth;1;0;visible;;"Tipo de Marco: Chata.
Color de Marco: Negro.";;;taxable;parent;1;;;0;0;1;50;40;2;0;;;30;Abstracto, Abstracto > Vertical;cuadro vertical, arte abstracto;;http://prontomarco.test/wp-content/uploads/2021/07/negro-chata.jpg;;;ABS-CLASS;;;;;;36;Color;Negro;;1;Medida;40 X 50;;1;Tipo de Marco;Chata;;1
variation;ABS-CLASS-NEG-CAJ-4060;Cuadro Classic Vermouth;1;0;visible;;"Tipo de Marco: Cajón.
Color de Marco: Negro.";;;taxable;parent;1;;;0;0;1;60;40;2;0;;;30;Abstracto, Abstracto > Vertical;cuadro vertical, arte abstracto;;http://prontomarco.test/wp-content/uploads/2021/07/negro-caja.jpg;;;ABS-CLASS;;;;;;37;Color;Negro;;1;Medida;40 X 60;;1;Tipo de Marco;Caja;;1
variation;ABS-CLASS-NEG-CHA-4060;Cuadro Classic Vermouth;1;0;visible;;"Tipo de Marco: Chata.
Color de Marco: Negro.";;;taxable;parent;1;;;0;0;1;60;40;2;0;;;30;Abstracto, Abstracto > Vertical;cuadro vertical, arte abstracto;;http://prontomarco.test/wp-content/uploads/2021/07/negro-chata.jpg;;;ABS-CLASS;;;;;;38;Color;Negro;;1;Medida;40 X 60;;1;Tipo de Marco;Chata;;1
variation;ABS-CLASS-NEG-CAJ-5070;Cuadro Classic Vermouth;1;0;visible;;"Tipo de Marco: Cajón.
Color de Marco: Negro.";;;taxable;parent;1;;;0;0;1;70;50;2;0;;;30;Abstracto, Abstracto > Vertical;cuadro vertical, arte abstracto;;http://prontomarco.test/wp-content/uploads/2021/07/negro-caja.jpg;;;ABS-CLASS;;;;;;39;Color;Negro;;1;Medida;50 X 70;;1;Tipo de Marco;Caja;;1
variation;ABS-CLASS-NEG-CHA-5070;Cuadro Classic Vermouth;1;0;visible;;"Tipo de Marco: Chata.
Color de Marco: Negro.";;;taxable;parent;1;;;0;0;1;70;50;2;0;;;30;Abstracto, Abstracto > Vertical;cuadro vertical, arte abstracto;;http://prontomarco.test/wp-content/uploads/2021/07/negro-chata.jpg;;;ABS-CLASS;;;;;;40;Color;Negro;;1;Medida;50 X 70;;1;Tipo de Marco;Chata;;1
variation;ABS-CLASS-NEG-CAJ-6090;Cuadro Classic Vermouth;1;0;visible;;"Tipo de Marco: Cajón.
Color de Marco: Negro.";;;taxable;parent;1;;;0;0;1;90;60;2;0;;;30;Abstracto, Abstracto > Vertical;cuadro vertical, arte abstracto;;http://prontomarco.test/wp-content/uploads/2021/07/negro-caja.jpg;;;ABS-CLASS;;;;;;41;Color;Negro;;1;Medida;60 X 90;;1;Tipo de Marco;Caja;;1
variation;ABS-CLASS-NEG-CHA-6090;Cuadro Classic Vermouth;1;0;visible;;"Tipo de Marco: Chata.
Color de Marco: Negro.";;;taxable;parent;1;;;0;0;1;90;60;2;0;;;30;Abstracto, Abstracto > Vertical;cuadro vertical, arte abstracto;;http://prontomarco.test/wp-content/uploads/2021/07/negro-chata.jpg;;;ABS-CLASS;;;;;;42;Color;Negro;;1;Medida;60 X 90;;1;Tipo de Marco;Chata;;1
variation;ABS-CLASS-BLA-CAJ-1520;Cuadro Classic Vermouth;1;0;visible;;"Tipo de Marco: Cajón.
Color de Marco: Blanco.";;;taxable;parent;1;;;0;0;1;20;15;2;0;;;30;Abstracto, Abstracto > Vertical;cuadro vertical, arte abstracto;;http://prontomarco.test/wp-content/uploads/2021/07/blanco-caja.jpg;;;ABS-CLASS;;;;;;1;Color;Blanco;;1;Medida;15 X 20;;1;Tipo de Marco;Caja;;1
variation;ABS-CLASS-BLA-CHA-1520;Cuadro Classic Vermouth;1;0;visible;;"Tipo de Marco: Chata.
Color de Marco: Blanco.";;;taxable;parent;1;;;0;0;1;20;15;2;0;;;30;Abstracto, Abstracto > Vertical;cuadro vertical, arte abstracto;;http://prontomarco.test/wp-content/uploads/2021/07/blanco-chata.jpg;;;ABS-CLASS;;;;;;2;Color;Blanco;;1;Medida;15 X 20;;1;Tipo de Marco;Chata;;1
variation;ABS-CLASS-BLA-CAJ-2030;Cuadro Classic Vermouth;1;0;visible;;"Tipo de Marco: Cajón.
Color de Marco: Blanco.";;;taxable;parent;1;;;0;0;1;30;20;2;0;;;30;Abstracto, Abstracto > Vertical;cuadro vertical, arte abstracto;;http://prontomarco.test/wp-content/uploads/2021/07/blanco-caja.jpg;;;ABS-CLASS;;;;;;3;Color;Blanco;;1;Medida;20 X 30;;1;Tipo de Marco;Caja;;1
variation;ABS-CLASS-BLA-CHA-2030;Cuadro Classic Vermouth;1;0;visible;;"Tipo de Marco: Chata.
Color de Marco: Blanco.";;;taxable;parent;1;;;0;0;1;30;20;2;0;;;30;Abstracto, Abstracto > Vertical;cuadro vertical, arte abstracto;;http://prontomarco.test/wp-content/uploads/2021/07/blanco-chata.jpg;;;ABS-CLASS;;;;;;4;Color;Blanco;;1;Medida;20 X 30;;1;Tipo de Marco;Chata;;1
variation;ABS-CLASS-BLA-CAJ-3040;Cuadro Classic Vermouth;1;0;visible;;"Tipo de Marco: Cajón.
Color de Marco: Blanco.";;;taxable;parent;1;;;0;0;1;40;30;2;0;;;30;Abstracto, Abstracto > Vertical;cuadro vertical, arte abstracto;;http://prontomarco.test/wp-content/uploads/2021/07/blanco-caja.jpg;;;ABS-CLASS;;;;;;5;Color;Blanco;;1;Medida;30 X 40;;1;Tipo de Marco;Caja;;1
variation;ABS-CLASS-BLA-CHA-3040;Cuadro Classic Vermouth;1;0;visible;;"Tipo de Marco: Chata.
Color de Marco: Blanco.";;;taxable;parent;1;;;0;0;1;40;30;2;0;;;30;Abstracto, Abstracto > Vertical;cuadro vertical, arte abstracto;;http://prontomarco.test/wp-content/uploads/2021/07/blanco-chata.jpg;;;ABS-CLASS;;;;;;6;Color;Blanco;;1;Medida;30 X 40;;1;Tipo de Marco;Chata;;1
variation;ABS-CLASS-BLA-CAJ-4050;Cuadro Classic Vermouth;1;0;visible;;"Tipo de Marco: Cajón.
Color de Marco: Blanco.";;;taxable;parent;1;;;0;0;1;50;40;2;0;;;30;Abstracto, Abstracto > Vertical;cuadro vertical, arte abstracto;;http://prontomarco.test/wp-content/uploads/2021/07/blanco-caja.jpg;;;ABS-CLASS;;;;;;7;Color;Blanco;;1;Medida;40 X 50;;1;Tipo de Marco;Caja;;1
variation;ABS-CLASS-BLA-CHA-4050;Cuadro Classic Vermouth;1;0;visible;;"Tipo de Marco: Chata.
Color de Marco: Blanco.";;;taxable;parent;1;;;0;0;1;50;40;2;0;;;30;Abstracto, Abstracto > Vertical;cuadro vertical, arte abstracto;;http://prontomarco.test/wp-content/uploads/2021/07/blanco-chata.jpg;;;ABS-CLASS;;;;;;8;Color;Blanco;;1;Medida;40 X 50;;1;Tipo de Marco;Chata;;1
variation;ABS-CLASS-BLA-CAJ-4060;Cuadro Classic Vermouth;1;0;visible;;"Tipo de Marco: Cajón.
Color de Marco: Blanco.";;;taxable;parent;1;;;0;0;1;60;40;2;0;;;30;Abstracto, Abstracto > Vertical;cuadro vertical, arte abstracto;;http://prontomarco.test/wp-content/uploads/2021/07/blanco-caja.jpg;;;ABS-CLASS;;;;;;9;Color;Blanco;;1;Medida;40 X 60;;1;Tipo de Marco;Caja;;1
variation;ABS-CLASS-BLA-CHA-4060;Cuadro Classic Vermouth;1;0;visible;;"Tipo de Marco: Chata.
Color de Marco: Blanco.";;;taxable;parent;1;;;0;0;1;60;40;2;0;;;30;Abstracto, Abstracto > Vertical;cuadro vertical, arte abstracto;;http://prontomarco.test/wp-content/uploads/2021/07/blanco-chata.jpg;;;ABS-CLASS;;;;;;10;Color;Blanco;;1;Medida;40 X 60;;1;Tipo de Marco;Chata;;1
variation;ABS-CLASS-BLA-CAJ-5070;Cuadro Classic Vermouth;1;0;visible;;"Tipo de Marco: Cajón.
Color de Marco: Blanco.";;;taxable;parent;1;;;0;0;1;70;50;2;0;;;30;Abstracto, Abstracto > Vertical;cuadro vertical, arte abstracto;;http://prontomarco.test/wp-content/uploads/2021/07/blanco-caja.jpg;;;ABS-CLASS;;;;;;11;Color;Blanco;;1;Medida;50 X 70;;1;Tipo de Marco;Caja;;1
variation;ABS-CLASS-BLA-CHA-5070;Cuadro Classic Vermouth;1;0;visible;;"Tipo de Marco: Chata.
Color de Marco: Blanco.";;;taxable;parent;1;;;0;0;1;70;50;2;0;;;30;Abstracto, Abstracto > Vertical;cuadro vertical, arte abstracto;;http://prontomarco.test/wp-content/uploads/2021/07/blanco-chata.jpg;;;ABS-CLASS;;;;;;12;Color;Blanco;;1;Medida;50 X 70;;1;Tipo de Marco;Chata;;1
variation;ABS-CLASS-BLA-CAJ-6090;Cuadro Classic Vermouth;1;0;visible;;"Tipo de Marco: Cajón.
Color de Marco: Blanco.";;;taxable;parent;1;;;0;0;1;90;60;2;0;;;30;Abstracto, Abstracto > Vertical;cuadro vertical, arte abstracto;;http://prontomarco.test/wp-content/uploads/2021/07/blanco-caja.jpg;;;ABS-CLASS;;;;;;13;Color;Blanco;;1;Medida;60 X 90;;1;Tipo de Marco;Caja;;1
variation;ABS-CLASS-BLA-CHA-6090;Cuadro Classic Vermouth;1;0;visible;;"Tipo de Marco: Chata.
Color de Marco: Blanco.";;;taxable;parent;1;;;0;0;1;90;60;2;0;;;30;Abstracto, Abstracto > Vertical;cuadro vertical, arte abstracto;;http://prontomarco.test/wp-content/uploads/2021/07/blanco-chata.jpg;;;ABS-CLASS;;;;;;14;Color;Blanco;;1;Medida;60 X 90;;1;Tipo de Marco;Chata;;1